<?xml version="1.0" encoding="UTF-8"?>
<!-- configuration file for LogBack (slf4J implementation) See here for more 
	details: http://gordondickens.com/wordpress/2013/03/27/sawing-through-the-java-loggers/ -->
<configuration scan="true" scanPeriod="30 seconds" debug="true">

	<contextListener class="ch.qos.logback.classic.jul.LevelChangePropagator">
		<resetJUL>true</resetJUL>
	</contextListener>

	<!-- To enable JMX Management -->
	<jmxConfigurator />

	<appender name="console" class="ch.qos.logback.core.ConsoleAppender">
		<encoder>
			<!-- <pattern>%d{HH:mm:ss.SSS} [%thread] %-5level %logger{36} - %msg%n 
				</pattern> -->
			<pattern>%d{yyyy-MM-dd HH:mm:ss} %-5p %c{1}:%L - %m%n</pattern>
		</encoder>
	</appender>
	<root level="INFO">
		<appender-ref ref="console" />
	</root>
</configuration>
